"","BirdID","newlifespan"
"1",20,844
"2",21,4916
"3",22,5196
"4",23,2813
"5",24,2636
"6",25,4701
"7",26,402
"8",27,1130
"9",28,3028
"10",29,5088
"11",30,1385
"12",31,4499
"13",32,278
"14",33,3413
"15",34,2915
"16",35,935
"17",36,2577
"18",37,3052
"19",38,1993
"20",39,1953
"21",40,4573
"22",41,316
"23",42,4630
"24",43,490
"25",44,4437
"26",45,374
"27",46,370
"28",47,370
"29",48,329
"30",49,365
"31",50,358
"32",51,5687
"33",52,325
"34",53,318
"35",54,2340
"36",55,316
"37",56,308
"38",57,305
"39",58,304
"40",59,301
"41",60,288
"42",61,701
"43",62,278
"44",63,271
"45",64,3877
"46",65,3877
"47",66,154
"48",67,1112
"49",68,574
"50",69,1109
"51",70,149
"52",71,1582
"53",72,142
"54",73,1572
"55",74,558
"56",75,3254
"57",76,134
"58",77,1567
"59",78,4389
"60",79,1559
"61",80,111
"62",81,105
"63",82,1536
"64",83,100
"65",84,99
"66",85,94
"67",86,77
"68",87,67
"69",88,65
"70",89,65
"71",90,63
"72",91,365
"73",92,753
"74",93,1285
"75",94,1706
"76",95,556
"77",96,280
"78",97,1115
"79",98,1565
"80",99,1107
"81",100,129
"82",101,129
"83",102,122
"84",103,122
"85",104,117
"86",105,114
"87",106,80
"88",107,79
"89",108,90
"90",109,457
"91",110,99
"92",111,98
"93",112,96
"94",160,345
"95",161,282
"96",162,260
"97",163,3839
"98",164,85
"99",165,302
"100",166,267
"101",167,604
"102",168,4394
"103",169,4030
"104",170,899
"105",171,3358
"106",172,2966
"107",173,1299
"108",174,1204
"109",175,241
"110",176,5132
"111",177,242
"112",178,3483
"113",184,365
"114",185,1133
"115",186,303
"116",187,13
"117",188,55
"118",189,1133
"119",190,82
"120",191,373
"121",192,849
"122",193,374
"123",194,84
"124",195,85
"125",196,85
"126",197,376
"127",198,86
"128",199,5783
"129",200,4033
"130",201,378
"131",202,438
"132",203,341
"133",204,624
"134",205,567
"135",206,181
"136",207,3201
"137",208,3351
"138",209,274
"139",210,451
"140",211,49
"141",212,10
"142",213,1864
"143",214,504
"144",215,4078
"145",216,4747
"146",217,2931
"147",218,233
"148",219,225
"149",220,4731
"150",221,6378
"151",222,547
"152",223,547
"153",224,182
"154",225,807
"155",226,491
"156",227,180
"157",228,181
"158",229,545
"159",230,545
"160",231,491
"161",232,491
"162",233,1281
"163",234,179
"164",235,179
"165",236,179
"166",237,1872
"167",238,188
"168",239,178
"169",240,178
"170",241,543
"171",242,177
"172",243,177
"173",244,543
"174",245,542
"175",246,177
"176",247,541
"177",248,541
"178",249,176
"179",250,186
"180",251,2197
"181",252,29
"182",293,2889
"183",294,1795
"184",295,604
"185",296,646
"186",297,4574
"187",298,2889
"188",299,75
"189",300,75
"190",301,74
"191",302,74
"192",303,439
"193",304,2671
"194",305,438
"195",306,73
"196",307,1124
"197",308,4003
"198",309,33
"199",310,10
"200",311,58
"201",312,73
"202",313,439
"203",314,74
"204",315,438
"205",316,75
"206",317,75
"207",318,75
"208",319,75
"209",320,440
"210",321,75
"211",322,440
"212",323,75
"213",324,440
"214",325,1204
"215",326,1079
"216",327,1204
"217",328,1670
"218",329,4699
"219",330,171
"220",331,3271
"221",332,224
"222",333,729
"223",335,372
"224",426,4123
"225",427,5119
"226",428,5998
"227",429,2816
"228",430,3659
"229",431,85
"230",432,82
"231",433,75
"232",434,74
"233",435,83
"234",436,2803
"235",437,246
"236",438,371
"237",439,1133
"238",440,721
"239",441,5288
"240",442,3707
"241",443,1132
"242",444,3149
"243",445,245
"244",446,368
"245",447,2605
"246",448,1464
"247",449,2926
"248",450,2926
"249",451,369
"250",452,243
"251",453,6430
"252",454,3705
"253",455,1844
"254",456,368
"255",457,2239
"256",458,3704
"257",459,5284
"258",460,242
"259",461,2055
"260",462,2238
"261",464,1462
"262",465,1461
"263",466,2237
"264",467,2924
"265",468,1461
"266",469,2602
"267",470,2456
"268",471,366
"269",472,5745
"270",473,366
"271",474,2054
"272",475,366
"273",476,4869
"274",477,2052
"275",478,1128
"276",479,2050
"277",494,4042
"278",495,2940
"279",496,798
"280",497,5183
"281",498,1599
"282",499,4804
"283",500,2704
"284",501,3098
"285",502,2271
"286",503,5341
"287",504,2593
"288",505,1724
"289",506,3373
"290",507,5540
"291",508,1512
"292",509,3373
"293",510,5180
"294",511,2028
"295",512,795
"296",521,485
"297",522,3365
"298",523,2932
"299",524,4531
"300",525,2585
"301",526,485
"302",527,485
"303",528,1716
"304",529,1122
"305",530,1716
"306",531,1504
"307",539,1711
"308",540,1711
"309",541,1499
"310",542,2258
"311",543,1711
"312",544,3360
"313",545,1709
"314",546,783
"315",547,1115
"316",548,782
"317",549,1891
"318",550,1708
"319",551,1114
"320",552,782
"321",553,370
"322",554,1891
"323",555,1891
"324",556,1114
"325",557,2577
"326",558,1496
"327",559,1891
"328",560,782
"329",561,2110
"330",562,2012
"331",563,4807
"332",594,798
"333",595,3373
"334",596,2271
"335",597,2665
"336",598,385
"337",599,2125
"338",600,796
"339",601,3371
"340",602,2938
"341",603,796
"342",604,2591
"343",605,2029
"344",606,1722
"345",607,2938
"346",608,1721
"347",609,4536
"348",627,2310
"349",628,3365
"350",629,2585
"351",630,1122
"352",631,485
"353",632,2585
"354",633,1504
"355",634,3364
"356",635,1715
"357",636,1715
"358",637,1715
"359",638,3364
"360",639,3089
"361",640,2117
"362",641,1715
"363",642,789
"364",663,2580
"365",664,785
"366",665,1711
"367",666,3360
"368",667,510
"369",668,3084
"370",669,371
"371",670,3358
"372",671,783
"373",672,1891
"374",673,1114
"375",674,2015
"376",675,1708
"377",676,2924
"378",677,2924
"379",678,782
"380",679,1890
"381",680,781
"382",681,781
"383",774,3029
"384",775,1168
"385",776,2248
"386",788,2377
"387",789,2673
"388",790,4081
"389",791,1425
"390",792,5251
"391",793,2405
"392",794,5988
"393",795,1130
"394",796,1033
"395",797,1188
"396",798,1333
"397",799,5480
"398",800,3264
"399",823,3054
"400",824,809
"401",825,3052
"402",826,3051
"403",827,1401
"404",828,1584
"405",830,803
"406",831,803
"407",832,4212
"408",833,1944
"409",834,470
"410",835,1943
"411",836,1182
"412",837,1451
"413",838,1056
"414",839,192
"415",840,3041
"416",841,549
"417",842,669
"418",843,455
"419",844,1381
"420",845,4838
"421",846,1379
"422",847,2247
"423",848,2122
"424",849,3026
"425",850,1376
"426",851,1372
"427",852,778
"428",853,1915
"429",854,1156
"430",855,1156
"431",856,1674
"432",857,1366
"433",858,2582
"434",859,1912
"435",860,1364
"436",861,82
"437",862,4178
"438",863,1361
"439",864,767
"440",865,2574
"441",866,1358
"442",867,1181
"443",868,1181
"444",869,5372
"445",870,784
"446",871,67
"447",872,749
"448",873,1131
"449",874,58
"450",875,58
"451",876,469
"452",877,1336
"453",878,1336
"454",879,1335
"455",880,1286
"456",881,395
"457",884,960
"458",885,375
"459",886,1827
"460",887,746
"461",888,746
"462",889,363
"463",890,1826
"464",891,30
"465",892,10
"466",911,5955
"467",912,5222
"468",913,479
"469",914,1951
"470",915,3052
"471",916,1401
"472",917,2617
"473",918,475
"474",919,4215
"475",920,806
"476",921,3049
"477",922,1940
"478",923,467
"479",924,2260
"480",925,2607
"481",926,465
"482",927,3038
"483",928,463
"484",929,4203
"485",930,6839
"486",931,1050
"487",932,3036
"488",937,455
"489",938,2597
"490",939,328
"491",940,452
"492",941,1378
"493",942,1372
"494",943,775
"495",944,58
"496",945,52
"497",946,52
"498",947,1328
"499",948,40
"500",949,2617
"501",950,408
"502",951,2651
"503",1015,408
"504",1016,53
"505",1017,3705
"506",1018,4335
"507",1019,1183
"508",1020,2525
"509",1021,407
"510",1022,1745
"511",1023,407
"512",1024,4460
"513",1025,407
"514",1026,939
"515",1027,407
"516",1028,1870
"517",1029,5194
"518",1030,432
"519",1031,5018
"520",1032,1860
"521",1033,424
"522",1034,50
"523",1035,392
"524",1036,986
"525",1037,1533
"526",1038,50
"527",1039,2202
"528",1040,4066
"529",1041,1293
"530",1042,7188
"531",1043,5360
"532",1044,37
"533",1045,1830
"534",1046,12
"535",1047,1155
"536",1048,12
"537",1049,2263
"538",1050,20
"539",1051,604
"540",1052,13
"541",1053,33
"542",1054,37
"543",1055,389
"544",1056,24
"545",1057,29
"546",1058,33
"547",1059,2269
"548",1060,634
"549",1061,608
"550",1062,1166
"551",1063,1484
"552",1130,1478
"553",1151,1179
"554",1152,1975
"555",1153,810
"556",1154,1497
"557",1155,4245
"558",1156,1846
"559",1157,630
"560",1158,2275
"561",1159,1173
"562",1160,1172
"563",1161,1722
"564",1162,506
"565",1163,294
"566",1164,1500
"567",1165,3444
"568",1166,2154
"569",1167,1498
"570",1168,1715
"571",1169,411
"572",1170,4147
"573",1171,4999
"574",1172,4999
"575",1173,1840
"576",1174,412
"577",1175,502
"578",1176,627
"579",1177,1838
"580",1178,1489
"581",1179,1200
"582",1180,500
"583",1181,283
"584",1182,622
"585",1183,409
"586",1184,1831
"587",1185,1483
"588",1186,2269
"589",1187,5047
"590",1188,2144
"591",1189,621
"592",1190,2271
"593",1191,1838
"594",1192,410
"595",1193,4081
"596",1194,672
"597",1195,5037
"598",1196,4805
"599",1197,612
"600",1198,1490
"601",1199,4238
"602",1200,3699
"603",1201,486
"604",1202,485
"605",1203,1157
"606",1204,408
"607",1205,1836
"608",1206,619
"609",1207,34
"610",1208,41
"611",1209,1903
"612",1210,47
"613",1211,795
"614",1212,1154
"615",1213,1893
"616",1214,3437
"617",1215,794
"618",1216,530
"619",1217,669
"620",1218,2260
"621",1219,668
"622",1220,12
"623",1221,1929
"624",1222,1782
"625",1223,98
"626",1224,547
"627",1225,477
"628",1226,24
"629",1227,655
"630",1228,31
"631",1229,97
"632",1230,225
"633",1231,407
"634",1232,26
"635",1233,24
"636",1234,1120
"637",1235,780
"638",1236,27
"639",1237,26
"640",1238,21
"641",1239,25
"642",1240,250
"643",1241,227
"644",1242,462
"645",1243,1328
"646",1244,4146
"647",1245,103
"648",1246,997
"649",1247,2086
"650",1248,133
"651",1262,438
"652",1267,69
"653",1268,1718
"654",1269,610
"655",1270,316
"656",1271,3242
"657",1272,3507
"658",1273,442
"659",1274,1305
"660",1275,1782
"661",1276,3653
"662",1277,316
"663",1278,680
"664",1279,1252
"665",1285,427
"666",1286,1357
"667",1287,2948
"668",1288,60
"669",1289,133
"670",1290,1002
"671",1291,133
"672",1292,147
"673",1293,55
"674",1294,50
"675",1295,42
"676",1296,133
"677",1297,30
"678",1298,29
"679",1299,385
"680",1300,133
"681",1301,385
"682",1302,133
"683",1303,382
"684",1304,1124
"685",1305,4126
"686",1306,680
"687",1345,1147
"688",1346,2948
"689",1347,560
"690",1348,1538
"691",1349,1538
"692",1355,1761
"693",1356,4427
"694",1357,1447
"695",1358,2921
"696",1359,1523
"697",1360,1862
"698",1361,4229
"699",1362,1510
"700",1363,48
"701",1364,401
"702",1365,38
"703",1366,1066
"704",1367,1065
"705",1368,1899
"706",1369,1897
"707",1370,1897
"708",1371,988
"709",1380,1887
"710",1381,3050
"711",1382,1449
"712",1383,1445
"713",1384,4064
"714",1385,746
"715",1386,1439
"716",1387,1514
"717",1388,1519
"718",1389,45
"719",1390,1514
"720",1391,764
"721",1392,1086
"722",1393,51
"723",1394,4241
"724",1395,1860
"725",1396,1501
"726",1397,30
"727",1398,25
"728",1399,30
"729",1400,33
"730",1401,4749
"731",1402,152
"732",1403,3274
"733",1404,1409
"734",1405,534
"735",1406,18
"736",1407,16
"737",1408,396
"738",1409,1497
"739",1410,471
"740",1411,20
"741",1412,4463
"742",1413,19
"743",1414,14
"744",1415,5304
"745",1416,777
"746",1417,5
"747",1418,499
"748",1419,3446
"749",1420,40
"750",1421,506
"751",1422,182
"752",1423,24
"753",1424,37
"754",1425,1283
"755",1426,184
"756",1427,1280
"757",1428,924
"758",1429,2790
"759",1430,1712
"760",1431,1348
"761",1432,481
"762",1433,179
"763",1434,164
"764",1435,1202
"765",1436,1188
"766",1437,3392
"767",1438,5725
"768",1439,135
"769",1440,70
"770",1441,1177
"771",1485,2960
"772",1486,60
"773",1487,68
"774",1488,738
"775",1489,5697
"776",1490,1201
"777",1491,4060
"778",1492,1278
"779",1493,1165
"780",1494,5700
"781",1495,1154
"782",1496,59
"783",1497,95
"784",1498,379
"785",1499,4948
"786",1500,1234
"787",1501,3912
"788",1502,702
"789",1503,3334
"790",1504,4104
"791",1505,358
"792",1506,2734
"793",1507,101
"794",1508,1285
"795",1509,4185
"796",1510,3544
"797",1511,1264
"798",1512,3124
"799",1513,713
"800",1514,406
"801",1515,767
"802",1516,42
"803",1517,1062
"804",1518,101
"805",1519,37
"806",1520,29
"807",1521,704
"808",1522,26
"809",1523,5004
"810",1524,2708
"811",1525,26
"812",1526,26
"813",1527,688
"814",1528,21
"815",1529,28
"816",1530,37
"817",1531,1139
"818",1532,4038
"819",1533,5665
"820",1534,708
"821",1535,380
"822",1536,3286
"823",1537,10
"824",1538,3134
"825",1539,3273
"826",1540,1105
"827",1541,2271
"828",1542,4756
"829",1543,3818
"830",1544,137
"831",1545,387
"832",1546,137
"833",1547,106
"834",1548,326
"835",1549,1106
"836",1550,1105
"837",1551,1165
"838",1552,1096
"839",1553,3821
"840",1554,126
"841",1555,722
"842",1556,65
"843",1557,1095
"844",1558,3439
"845",1559,3638
"846",1560,662
"847",1561,1095
"848",1562,78
"849",1563,3618
"850",1564,661
"851",1565,130
"852",1566,3260
"853",1567,243
"854",1568,62
"855",1569,1396
"856",1570,1091
"857",1571,31
"858",1572,855
"859",1573,915
"860",1574,75
"861",1575,479
"862",1576,3637
"863",1577,4927
"864",1578,850
"865",1579,3017
"866",1580,5594
"867",1581,3253
"868",1582,129
"869",1583,909
"870",1584,248
"871",1585,848
"872",1586,475
"873",1587,3318
"874",1588,906
"875",1589,3073
"876",1590,2009
"877",1591,2008
"878",1592,409
"879",1593,3009
"880",1594,409
"881",1595,2712
"882",1596,61
"883",1597,901
"884",1598,2481
"885",1599,357
"886",1600,790
"887",1601,357
"888",1602,10
"889",1603,1990
"890",1604,4712
"891",1605,5232
"892",1606,2251
"893",1607,5002
"894",1608,2273
"895",1609,468
"896",1610,2271
"897",1611,4465
"898",1612,689
"899",1613,135
"900",1614,2674
"901",1615,374
"902",1616,4117
"903",1617,4088
"904",1618,12
"905",1619,445
"906",1620,11
"907",1621,11
"908",1622,11
"909",1623,1610
"910",1624,10
"911",1660,5299
"912",1661,168
"913",1662,197
"914",1663,442
"915",1664,2659
"916",1665,1481
"917",1666,439
"918",1667,312
"919",1668,160
"920",1669,4972
"921",1670,433
"922",1671,158
"923",1672,2011
"924",1673,428
"925",1674,303
"926",1675,182
"927",1676,302
"928",1677,300
"929",1678,4089
"930",1679,73
"931",1680,75
"932",1681,300
"933",1682,2463
"934",1683,421
"935",1684,677
"936",1685,2964
"937",1686,4798
"938",1687,2317
"939",1689,87
"940",1695,385
"941",1696,63
"942",1697,2070
"943",1698,3285
"944",1699,1691
"945",1700,296
"946",1701,420
"947",1702,2960
"948",1703,59
"949",1704,55
"950",1705,1223
"951",1706,288
"952",1707,6289
"953",1708,5753
"954",1709,1452
"955",1710,5041
"956",1711,1450
"957",1712,1575
"958",1713,52
"959",1714,281
"960",1715,406
"961",1716,4819
"962",1717,5312
"963",1718,1446
"964",1719,280
"965",1720,1709
"966",1721,278
"967",1722,4052
"968",1723,124
"969",1724,399
"970",1725,1440
"971",1726,93
"972",1727,272
"973",1728,272
"974",1729,4933
"975",1730,271
"976",1731,4089
"977",1732,42
"978",1733,51
"979",1734,48
"980",1735,394
"981",1736,58
"982",1737,29
"983",1738,41
"984",1739,2235
"985",1740,2731
"986",1741,73
"987",1742,2233
"988",1743,2402
"989",1744,3284
"990",1745,259
"991",1746,94
"992",1747,69
"993",1748,77
"994",1749,49
"995",1750,4810
"996",1751,380
"997",1752,2945
"998",1753,3540
"999",1754,2545
"1000",1755,83
"1001",1756,377
"1002",1757,3274
"1003",1758,84
"1004",1759,1803
"1005",1760,1796
"1006",1761,78
"1007",1762,6367
"1008",1763,4132
"1009",1764,916
"1010",1765,3401
"1011",1766,2210
"1012",1767,1919
"1013",1768,532
"1014",1769,2203
"1015",1770,530
"1016",1771,407
"1017",1772,1405
"1018",1773,1264
"1019",1774,2140
"1020",1775,1676
"1021",1776,1939
"1022",1777,2165
"1023",1778,1778
"1024",1779,2260
"1025",1780,1134
"1026",1781,1258
"1027",1782,2987
"1028",1783,2537
"1029",1784,567
"1030",1785,1035
"1031",1786,419
"1032",1787,1926
"1033",1788,1767
"1034",1789,1920
"1035",1790,2121
"1036",1791,3364
"1037",1793,678
"1038",1794,773
"1039",1795,2611
"1040",1796,1876
"1041",1797,1372
"1042",1798,2607
"1043",1799,409
"1044",1800,1867
"1045",1801,3945
"1046",1802,2953
"1047",1803,3339
"1048",1804,1864
"1049",1805,2597
"1050",1806,394
"1051",1807,395
"1052",1808,1659
"1053",1819,3344
"1054",1820,309
"1055",1821,4954
"1056",1822,879
"1057",1823,2012
"1058",1824,4225
"1059",1825,391
"1060",1826,6064
"1061",1827,3933
"1062",1828,1118
"1063",1829,3696
"1064",1830,520
"1065",1831,1647
"1066",1832,18
"1067",1833,290
"1068",1843,286
"1069",1844,297
"1070",1845,151
"1071",1846,17
"1072",1847,284
"1073",1848,2406
"1074",1849,287
"1075",1850,14
"1076",1851,2252
"1077",1852,4063
"1078",1853,13
"1079",1854,2221
"1080",1855,12
"1081",1856,282
"1082",1857,3848
"1083",1858,282
"1084",1859,4352
"1085",1860,409
"1086",1861,1180
"1087",1862,4042
"1088",1864,3717
"1089",1865,1462
"1090",1866,298
"1091",1867,1647
"1092",1868,5523
"1093",1869,4228
"1094",1870,391
"1095",1871,2139
"1096",1872,3332
"1097",1873,175
"1098",1874,161
"1099",1875,147
"1100",1876,293
"1101",1877,5645
"1102",1878,1713
"1103",1879,483
"1104",1881,4213
"1105",1882,395
"1106",1883,138
"1107",1884,298
"1108",1885,379
"1109",1886,2799
"1110",1887,267
"1111",1888,286
"1112",1889,100
"1113",1890,1659
"1114",1891,1294
"1115",1892,370
"1116",1893,1718
"1117",1894,245
"1118",1895,2385
"1119",1896,255
"1120",1897,2375
"1121",1898,503
"1122",1899,855
"1123",1900,2798
"1124",1901,2798
"1125",1902,503
"1126",1903,1958
"1127",1904,1158
"1128",1905,2798
"1129",1906,503
"1130",1907,1158
"1131",1908,1280
"1132",1909,1158
"1133",1910,378
"1134",1911,503
"1135",1912,503
"1136",1913,2798
"1137",1914,3335
"1138",1915,3210
"1139",1916,2377
"1140",1917,3045
"1141",1918,855
"1142",1919,855
"1143",1920,1158
"1144",1921,2798
"1145",1922,2377
"1146",1923,2377
"1147",1924,3335
"1148",1925,2377
"1149",1926,3045
"1150",1927,3335
"1151",1928,1460
"1152",1929,3335
"1153",1930,503
"1154",1931,2798
"1155",1932,3335
"1156",1933,503
"1157",1934,378
"1158",1935,378
"1159",1936,198
"1160",1937,3335
"1161",1938,3335
"1162",1939,3335
"1163",1940,3335
"1164",1941,3335
"1165",1942,378
"1166",1943,3335
"1167",1944,3335
"1168",1945,378
"1169",1946,503
"1170",1947,503
"1171",1948,3335
"1172",1949,3335
"1173",1950,378
"1174",1951,2377
"1175",1952,503
"1176",1953,3335
"1177",1954,3335
"1178",1955,730
"1179",1956,503
"1180",1957,730
"1181",1958,1585
"1182",1959,2377
"1183",1960,3335
"1184",1961,3335
"1185",1962,3335
"1186",1963,3335
"1187",1964,730
"1188",1965,3335
"1189",1966,503
"1190",1967,855
"1191",1968,3335
"1192",1969,2798
"1193",1970,2798
"1194",1971,3335
"1195",1972,2798
"1196",1973,3335
"1197",1974,503
"1198",1975,1585
"1199",1976,1585
"1200",1977,3335
"1201",1978,3335
"1202",1979,3335
"1203",1980,3335
"1204",1981,503
"1205",1982,503
"1206",1983,3335
"1207",1984,855
"1208",1985,3335
"1209",1986,503
"1210",1987,855
"1211",1988,855
"1212",1989,730
"1213",1990,503
"1214",1991,855
"1215",1992,855
"1216",1993,1158
"1217",1994,3335
"1218",1995,3335
"1219",1996,3335
"1220",1997,3335
"1221",1998,198
"1222",1999,3335
"1223",2000,3335
"1224",2001,1033
"1225",2002,503
"1226",2003,378
"1227",2004,1460
"1228",2005,2938
"1229",2006,636
"1230",2007,153
"1231",2008,2938
"1232",2009,153
"1233",2010,458
"1234",2011,2401
"1235",2012,456
"1236",2013,153
"1237",2014,4004
"1238",2015,2401
"1239",2016,333
"1240",2017,333
"1241",2018,761
"1242",2019,761
"1243",2020,458
"1244",2021,333
"1245",2022,153
"1246",2023,333
"1247",2024,456
"1248",2025,456
"1249",2026,458
"1250",2027,333
"1251",2028,153
"1252",2029,333
"1253",2030,1188
"1254",2031,458
"1255",2032,153
"1256",2033,153
"1257",2034,1063
"1258",2035,2401
"1259",2036,2401
"1260",2037,2633
"1261",2038,333
"1262",2039,1063
"1263",2040,2938
"1264",2041,883
"1265",2042,883
"1266",2043,761
"1267",2044,2938
"1268",2045,3413
"1269",2046,2938
"1270",2047,2938
"1271",2048,2938
"1272",2049,153
"1273",2050,153
"1274",2051,153
"1275",2052,333
"1276",2053,333
"1277",2054,458
"1278",2055,458
"1279",2056,153
"1280",2057,2938
"1281",2058,2938
"1282",2059,153
"1283",2060,153
"1284",2061,153
"1285",2062,458
"1286",2063,2938
"1287",2064,2938
"1288",2065,2401
"1289",2066,2671
"1290",2067,2546
"1291",2068,796
"1292",2069,494
"1293",2070,2134
"1294",2071,2134
"1295",2072,369
"1296",2073,494
"1297",2074,494
"1298",2075,369
"1299",2076,2381
"1300",2077,2134
"1301",2078,2671
"1302",2079,2671
"1303",2080,796
"1304",2081,2671
"1305",2082,2671
"1306",2083,796
"1307",2084,2546
"1308",2085,796
"1309",2086,796
"1310",2087,1713
"1311",2088,2134
"1312",2089,2134
"1313",2090,369
"1314",2091,796
"1315",2092,189
"1316",2093,369
"1317",2094,369
"1318",2095,1169
"1319",2096,2134
"1320",2097,1169
"1321",2098,616
"1322",2099,2671
"1323",2100,2671
"1324",2101,2671
"1325",2102,369
"1326",2103,494
"1327",2104,369
"1328",2105,2134
"1329",2106,2134
"1330",2107,3612
"1331",2108,3612
"1332",2109,369
"1333",2110,369
"1334",2111,3737
"1335",2112,1713
"1336",2113,3737
"1337",2114,3309
"1338",2115,3004
"1339",2116,3309
"1340",2117,2243
"1341",2118,3309
"1342",2119,3309
"1343",2120,1706
"1344",2121,1285
"1345",2122,1285
"1346",2123,368
"1347",2124,188
"1348",2125,3309
"1349",2126,1706
"1350",2127,741
"1351",2128,3309
"1352",2129,1285
"1353",2130,368
"1354",2131,1706
"1355",2132,368
"1356",2133,368
"1357",2134,368
"1358",2135,741
"1359",2136,1160
"1360",2137,1285
"1361",2138,2718
"1362",2139,741
"1363",2140,741
"1364",2141,866
"1365",2142,1285
"1366",2143,1285
"1367",2144,1706
"1368",2145,188
"1369",2146,741
"1370",2147,2243
"1371",2148,561
"1372",2149,561
"1373",2150,1706
"1374",2151,2243
"1375",2152,2243
"1376",2153,368
"1377",2154,368
"1378",2155,368
"1379",2156,368
"1380",2157,368
"1381",2158,2243
"1382",2159,2243
"1383",2160,2243
"1384",2161,2243
"1385",2162,2243
"1386",2163,2243
"1387",2164,2243
"1388",2165,3309
"1389",2166,1581
"1390",2167,368
"1391",2168,493
"1392",2169,493
"1393",2170,741
"1394",2171,741
"1395",2172,368
"1396",2173,1160
"1397",2174,741
"1398",2175,188
"1399",2176,368
"1400",2177,3309
"1401",2178,3309
"1402",2179,1706
"1403",2180,2243
"1404",2181,3309
"1405",2182,3309
"1406",2183,741
"1407",2184,1160
"1408",2185,1285
"1409",2186,1285
"1410",2187,368
"1411",2188,368
"1412",2189,368
"1413",2190,368
"1414",2191,3309
"1415",2192,3309
"1416",2193,2243
"1417",2194,2243
"1418",2195,2243
"1419",2196,2243
"1420",2197,368
"1421",2198,3309
"1422",2199,3309
"1423",2200,741
"1424",2201,2243
"1425",2202,2243
"1426",2203,3309
"1427",2204,2243
"1428",2205,3309
"1429",2206,2243
"1430",2207,2243
"1431",2208,2243
"1432",2209,3309
"1433",2210,2243
"1434",2211,340
"1435",2212,579
"1436",2213,160
"1437",2214,1842
"1438",2215,340
"1439",2216,1247
"1440",2217,759
"1441",2218,160
"1442",2219,340
"1443",2220,1180
"1444",2221,1305
"1445",2222,422
"1446",2223,884
"1447",2224,160
"1448",2225,160
"1449",2226,1427
"1450",2227,1305
"1451",2228,340
"1452",2229,579
"1453",2230,340
"1454",2231,160
"1455",2232,759
"1456",2233,759
"1457",2234,160
"1458",2235,1180
"1459",2236,160
"1460",2237,759
"1461",2238,465
"1462",2239,884
"1463",2240,1717
"1464",2241,1427
"1465",2242,160
"1466",2243,465
"1467",2244,579
"1468",2245,340
"1469",2246,160
"1470",2247,579
"1471",2248,160
"1472",2249,1842
"1473",2250,160
"1474",2251,160
"1475",2252,759
"1476",2253,160
"1477",2254,884
"1478",2255,579
"1479",2256,160
"1480",2257,340
"1481",2258,340
"1482",2259,579
"1483",2260,579
"1484",2261,160
"1485",2262,340
"1486",2263,579
"1487",2264,160
"1488",2265,100
"1489",2266,340
"1490",2267,160
"1491",2268,340
"1492",2269,160
"1493",2270,884
"1494",2271,160
"1495",2272,759
"1496",2273,579
"1497",2274,160
"1498",2275,1305
"1499",2276,160
"1500",2277,759
"1501",2278,579
"1502",2279,340
"1503",2280,579
"1504",2281,579
"1505",2282,160
"1506",2283,160
"1507",2284,1842
"1508",2285,1842
"1509",2286,1842
"1510",2287,1842
"1511",2288,340
"1512",2289,884
"1513",2290,884
"1514",2291,340
"1515",2292,340
"1516",2293,759
"1517",2294,160
"1518",2295,160
"1519",2296,759
"1520",2297,340
"1521",2298,759
"1522",2299,759
"1523",2300,1000
"1524",2301,340
"1525",2302,340
"1526",2303,759
"1527",2304,759
"1528",2305,340
"1529",2306,340
"1530",2307,160
"1531",2308,160
"1532",2309,340
"1533",2310,759
"1534",2311,2908
"1535",2312,1842
"1536",2313,1842
"1537",2314,759
"1538",2315,759
"1539",2316,2317
"1540",2317,2317
"1541",2318,729
"1542",2319,729
"1543",2320,242
"1544",2321,547
"1545",2322,1505
"1546",2323,422
"1547",2324,422
"1548",2325,422
"1549",2326,1200
"1550",2327,242
"1551",2328,242
"1552",2329,242
"1553",2330,547
"1554",2331,910
"1555",2332,242
"1556",2333,547
"1557",2334,242
"1558",2335,663
"1559",2336,422
"1560",2337,242
"1561",2338,242
"1562",2339,242
"1563",2340,242
"1564",2341,547
"1565",2342,422
"1566",2343,2571
"1567",2344,242
"1568",2345,242
"1569",2346,242
"1570",2347,242
"1571",2348,242
"1572",2349,242
"1573",2350,242
"1574",2351,242
"1575",2352,182
"1576",2353,182
"1577",2354,242
"1578",2355,182
"1579",2356,242
"1580",2357,242
"1581",2358,242
"1582",2359,242
"1583",2360,366
"1584",2361,1090
"1585",2362,182
"1586",2363,182
"1587",2364,242
"1588",2365,422
"1589",2366,663
"1590",2367,182
"1591",2368,242
"1592",2369,242
"1593",2370,242
"1594",2371,242
"1595",2372,182
"1596",2373,242
"1597",2374,242
"1598",2375,242
"1599",2376,968
"1600",2377,242
"1601",2378,242
"1602",2379,242
"1603",2380,968
"1604",2381,242
"1605",2382,242
"1606",2383,242
"1607",2384,910
"1608",2385,242
"1609",2386,242
"1610",2387,242
"1611",2388,242
"1612",2389,242
"1613",2390,242
"1614",2391,242
"1615",2392,613
"1616",2393,242
"1617",2394,242
"1618",2395,242
"1619",2396,182
"1620",2397,242
"1621",2398,242
"1622",2399,242
"1623",2400,242
"1624",2401,242
"1625",2402,242
"1626",2403,242
"1627",2404,242
"1628",2405,242
"1629",2406,242
"1630",2407,242
"1631",2408,2571
"1632",2409,2571
"1633",2410,242
"1634",2411,242
"1635",2412,242
"1636",2413,242
"1637",2414,663
"1638",2415,182
"1639",2416,242
"1640",2417,242
"1641",2418,242
"1642",2419,242
"1643",2420,663
"1644",2421,242
"1645",2422,1505
"1646",2423,1505
"1647",2424,613
"1648",2425,738
"1649",2426,491
"1650",2427,186
"1651",2428,186
"1652",2429,433
"1653",2430,433
"1654",2431,186
"1655",2432,186
"1656",2433,186
"1657",2434,186
"1658",2435,186
"1659",2436,186
"1660",2437,186
"1661",2438,433
"1662",2439,186
"1663",2440,186
"1664",2441,1028
"1665",2442,433
"1666",2443,491
"1667",2444,433
"1668",2445,126
"1669",2446,186
"1670",2447,1198
"1671",2448,186
"1672",2449,186
"1673",2450,186
"1674",2451,366
"1675",2452,433
"1676",2453,433
"1677",2454,186
"1678",2455,433
"1679",2456,433
"1680",2457,2094
"1681",2458,186
"1682",2459,723
"1683",2460,186
"1684",2461,723
"1685",2462,186
"1686",2463,186
"1687",2464,186
"1688",2465,186
"1689",2466,186
"1690",2467,186
"1691",2468,433
"1692",2469,186
"1693",2470,1028
"1694",2471,491
"1695",2472,491
"1696",2473,491
"1697",2474,491
"1698",2475,186
"1699",2476,134
"1700",2477,424
"1701",2478,729
"1702",2479,134
"1703",2480,424
"1704",2481,729
"1705",2482,729
"1706",2483,134
"1707",2484,314
"1708",2485,424
"1709",2486,314
"1710",2487,134
"1711",2488,134
"1712",2489,134
"1713",2490,424
"1714",2491,314
"1715",2492,134
"1716",2493,74
"1717",2494,134
"1718",2495,439
"1719",2496,134
"1720",2497,604
"1721",2498,134
"1722",2499,134
"1723",2500,134
"1724",2501,439
"1725",2502,439
"1726",2503,1670
"1727",2504,74
"1728",2505,134
"1729",2506,424
"1730",2507,439
"1731",2508,439
"1732",2509,314
"1733",2510,314
"1734",2511,134
"1735",2512,134
"1736",2513,134
"1737",2514,729
"1738",2515,729
"1739",2516,314
"1740",2517,134
"1741",2518,134
"1742",2519,424
"1743",2520,314
"1744",2521,604
"1745",2522,1795
"1746",2523,439
"1747",2524,729
"1748",2525,134
"1749",2526,134
"1750",2527,314
"1751",2528,134
"1752",2529,424
"1753",2530,177
"1754",2531,482
"1755",2532,1423
"1756",2533,177
"1757",2534,1548
"1758",2535,177
"1759",2536,177
"1760",2537,957
"1761",2538,482
"1762",2539,482
"1763",2540,177
"1764",2541,1548
"1765",2542,177
"1766",2543,357
"1767",2544,832
"1768",2545,177
"1769",2546,482
"1770",2547,357
"1771",2548,482
"1772",2549,1548
"1773",2550,1548
"1774",2551,482
"1775",2552,177
"1776",2553,177
"1777",2554,357
"1778",2555,357
"1779",2556,177
"1780",2557,482
"1781",2558,357
"1782",2559,177
"1783",2560,482
"1784",2561,242
"1785",2562,422
"1786",2563,422
"1787",2564,242
"1788",2565,242
"1789",2566,422
"1790",2567,1130
"1791",2568,718
"1792",2569,368
"1793",2570,368
"1794",2571,368
"1795",2572,243
"1796",2573,243
"1797",2574,368
"1798",2575,368
"1799",2576,243
"1800",2577,368
"1801",2578,243
"1802",2579,368
"1803",2580,243
"1804",2581,368
"1805",2582,243
"1806",2583,368
"1807",2584,243
"1808",2585,243
"1809",2586,368
"1810",2587,368
"1811",2588,368
"1812",2589,593
"1813",2590,368
"1814",2591,368
"1815",2592,368
"1816",2593,368
"1817",2594,243
"1818",2595,368
"1819",2596,718
"1820",2597,368
"1821",2598,368
"1822",2599,63
"1823",2600,243
"1824",2601,368
"1825",2602,368
"1826",2603,368
"1827",2604,368
"1828",2605,368
"1829",2606,243
"1830",2607,368
"1831",2608,368
"1832",2609,368
"1833",2610,368
"1834",2611,368
"1835",2612,368
"1836",2613,368
"1837",2614,368
"1838",2615,368
"1839",2616,243
"1840",2617,593
"1841",2618,243
"1842",2619,718
"1843",2620,243
"1844",2621,243
"1845",2622,368
"1846",2623,368
"1847",2624,243
"1848",2625,368
"1849",2626,368
"1850",2627,243
"1851",2628,243
"1852",2629,368
"1853",2630,243
"1854",2631,368
"1855",2632,243
"1856",2633,368
"1857",2634,368
"1858",2635,243
"1859",2636,368
"1860",2637,368
"1861",2638,368
"1862",2639,368
"1863",2640,71
"1864",2641,376
"1865",2642,376
"1866",2643,251
"1867",2644,251
"1868",2645,251
"1869",2646,663
"1870",2647,1
"1871",2648,376
"1872",2649,376
"1873",2650,788
"1874",2651,788
"1875",2652,251
"1876",2653,71
"1877",2654,22
"1878",2655,22
"1879",2656,483
"1880",2657,788
"1881",2658,251
"1882",2659,298
"1883",2660,298
"1884",2661,298
"1885",2662,298
"1886",2663,298
"1887",2664,423
"1888",2665,423
"1889",2666,755
"1890",2667,298
"1891",2668,630
"1892",2669,52
"1893",2670,298
"1894",2671,264
"1895",2672,755
"1896",2673,630
"1897",2674,298
"1898",2675,630
"1899",2676,755
"1900",2677,755
"1901",2678,298
"1902",2679,298
"1903",2680,298
"1904",2681,298
"1905",2682,423
"1906",2683,298
"1907",2684,298
"1908",2685,298
"1909",2686,630
"1910",2687,423
"1911",2688,298
"1912",2689,630
"1913",2690,630
"1914",2691,298
"1915",2692,298
"1916",2693,755
"1917",2694,755
"1918",2695,423
"1919",2696,423
"1920",2697,423
"1921",2698,298
"1922",2699,755
"1923",2700,423
"1924",2701,755
"1925",2702,423
"1926",2703,264
"1927",2704,264
"1928",2705,264
"1929",2706,264
"1930",2707,264
"1931",2708,264
"1932",2709,389
"1933",2710,389
"1934",2711,437
"1935",2712,264
"1936",2713,264
"1937",2714,389
"1938",2715,389
"1939",2716,389
"1940",2717,264
"1941",2718,264
"1942",2719,389
"1943",2720,389
"1944",2721,264
"1945",2722,389
"1946",2723,264
"1947",2724,264
"1948",2725,389
"1949",2726,389
"1950",2727,389
"1951",2728,3418
"1952",2729,3783
"1953",2730,438
"1954",2731,793
"1955",2732,3995
"1956",2733,4070
"1957",2734,421
"1958",2736,503
"1959",2737,3332
"1960",2738,1845
"1961",2739,1585
"1962",2740,3942
"1963",2741,3536
"1964",2742,443
"1965",2743,163
"1966",2745,3907
"1967",2746,3542
"1968",2747,3189
"1969",2748,379
"1970",2749,4029
"1971",2750,3554
"1972",2751,4607
"1973",2752,1723
"1974",2753,2150
"1975",2754,2480
"1976",2755,2480
"1977",2756,4504
"1978",2757,1653
"1979",2758,643
"1980",2759,2440
"1981",2760,1998
"1982",2762,855
"1983",2763,3808
"1984",2764,3442
"1985",2765,433
"1986",2766,2612
"1987",2767,422
"1988",2768,18
"1989",2769,18
"1990",2770,18
"1991",2771,1465
"1992",2772,406
"1993",2773,368
"1994",2774,465
"1995",2775,340
"1996",2776,547
"1997",2778,663
"1998",2779,428
"1999",2780,345
"2000",2781,2373
"2001",2782,499
"2002",2783,499
"2003",2784,879
"2004",2785,224
"2005",2786,499
"2006",2787,374
"2007",2788,1154
"2008",2789,498
"2009",2790,373
"2010",2791,223
"2011",2792,1580
"2012",2793,3330
"2013",2794,373
"2014",2795,2247
"2015",2796,498
"2016",2797,498
"2017",2798,850
"2018",2799,333
"2019",2800,458
"2020",2801,333
"2021",2802,333
"2022",2803,458
"2023",2804,153
"2024",2805,333
"2025",2806,458
"2026",2807,458
"2027",2808,333
"2028",2809,458
"2029",2810,458
"2030",2811,333
"2031",2813,333
"2032",2814,761
"2033",2815,1436
"2034",2816,458
"2035",2817,1188
"2036",2818,333
"2037",2819,458
"2038",2820,333
"2039",2821,1855
"2040",2822,2648
"2041",2823,458
"2042",2824,333
"2043",2825,458
"2044",2826,843
"2045",2827,761
"2046",2828,333
"2047",2829,333
"2048",2830,333
"2049",2831,458
"2050",2832,3146
"2051",2833,921
"2052",2834,796
"2053",2835,494
"2054",2836,494
"2055",2837,494
"2056",2838,494
"2057",2839,921
"2058",2840,1169
"2059",2841,3146
"2060",2842,369
"2061",2843,957
"2062",2844,1595
"2063",2845,1138
"2064",2846,243
"2065",2847,434
"2066",2848,470
"2067",2849,39
"2068",2850,264
"2069",2851,264
"2070",2853,406
"2071",2856,3006
"2072",2857,3006
"2073",2858,3874
"2074",2859,4954
"2075",2860,1431
"2076",2861,426
"2077",2862,1986
"2078",2954,467
"2079",2957,1024
"2080",2959,2665
"2081",2960,4741
"2082",2962,1269
"2083",2963,2419
"2084",2964,1881
"2085",2965,94
"2086",2966,5130
"2087",2967,349
"2088",2968,3436
"2089",2969,216
"2090",2970,365
"2091",2971,119
"2092",2972,461
"2093",2973,341
"2094",2974,4772
"2095",2975,936
"2096",2976,2527
"2097",2977,935
"2098",2978,3768
"2099",2979,203
"2100",2980,1470
"2101",2981,1422
"2102",2982,1609
"2103",2983,1955
"2104",2984,2110
"2105",2985,2499
"2106",2986,4224
"2107",2987,782
"2108",2988,2378
"2109",2989,3129
"2110",2990,2369
"2111",2991,4844
"2112",2992,545
"2113",2993,1838
"2114",2994,746
"2115",2996,288
"2116",3000,1036
"2117",3001,289
"2118",3002,3591
"2119",3003,1253
"2120",3004,149
"2121",3005,1862
"2122",3006,26
"2123",3008,16
"2124",3009,746
"2125",3010,480
"2126",3011,747
"2127",3012,153
"2128",3013,8
"2129",3014,7
"2130",3015,470
"2131",3016,133
"2132",3017,1098
"2133",3018,456
"2134",3019,1651
"2135",3020,1059
"2136",3021,1414
"2137",3022,3720
"2138",3023,84
"2139",3024,831
"2140",3084,379
"2141",3085,4515
"2142",3086,5082
"2143",3087,6242
"2144",3088,402
"2145",3089,5611
"2146",3090,1584
"2147",3091,819
"2148",3092,819
"2149",3093,2527
"2150",3094,5130
"2151",3095,150
"2152",3134,2255
"2153",3135,409
"2154",3136,284
"2155",3137,409
"2156",3138,284
"2157",3139,409
"2158",3140,543
"2159",3141,55
"2160",3142,25
"2161",3143,543
"2162",3144,52
"2163",3145,34
"2164",3146,59
"2165",3147,57
"2166",3148,59
"2167",3150,62
"2168",3151,60
"2169",3152,87
"2170",3153,62
"2171",3154,41
"2172",3155,543
"2173",3156,409
"2174",3157,41
"2175",3158,284
"2176",3159,284
"2177",3160,23
"2178",3161,409
"2179",3162,71
"2180",3163,71
"2181",3164,407
"2182",3165,79
"2183",3166,102
"2184",3167,407
"2185",3168,71
"2186",3169,70
"2187",3170,282
"2188",3171,407
"2189",3172,407
"2190",3173,407
"2191",3174,57
"2192",3175,76
"2193",3176,52
"2194",3177,407
"2195",3178,282
"2196",3179,407
"2197",3180,407
"2198",3181,407
"2199",3182,407
"2200",3183,407
"2201",3184,407
"2202",3185,407
"2203",3186,407
"2204",3187,407
"2205",3188,407
"2206",3189,35
"2207",3190,407
"2208",3191,75
"2209",3192,407
"2210",3193,39
"2211",3194,39
"2212",3195,282
"2213",3196,58
"2214",3197,407
"2215",3198,407
"2216",3199,70
"2217",3200,70
"2218",3201,70
"2219",3202,73
"2220",3203,102
"2221",3204,407
"2222",3205,77
"2223",3206,407
"2224",3207,407
"2225",3208,407
"2226",3209,35
"2227",3210,77
"2228",3211,73
"2229",3212,46
"2230",3213,75
"2231",3214,42
"2232",3215,39
"2233",3216,407
"2234",3217,407
"2235",3218,134
"2236",3219,21
"2237",3220,379
"2238",3221,379
"2239",3222,74
"2240",3223,379
"2241",3224,379
"2242",3225,379
"2243",3226,379
"2244",3227,379
"2245",3228,134
"2246",3229,134
"2247",3230,379
"2248",3231,379
"2249",3232,254
"2250",3233,134
"2251",3234,254
"2252",3235,24
"2253",3236,379
"2254",3237,379
"2255",3238,25
"2256",3239,254
"2257",3240,379
"2258",3241,70
"2259",3242,70
"2260",3243,70
"2261",3244,250
"2262",3245,375
"2263",3246,375
"2264",3247,375
"2265",3248,375
"2266",3249,375
"2267",3250,70
"2268",3251,130
"2269",3252,70
"2270",3253,70
"2271",3254,70
"2272",3255,70
"2273",3256,70
"2274",3257,130
"2275",3258,70
"2276",3259,70
"2277",3260,250
"2278",3261,70
"2279",3262,130
"2280",3263,250
"2281",3264,375
"2282",3265,250
"2283",3266,10
"2284",3267,70
"2285",3268,70
"2286",3269,70
"2287",3270,70
"2288",3271,70
"2289",3272,70
"2290",3273,250
"2291",3274,250
"2292",3275,130
"2293",3276,70
"2294",3277,250
"2295",3278,408
"2296",3279,163
"2297",3280,81
"2298",3281,85
"2299",3282,84
"2300",3283,283
"2301",3284,36
"2302",3285,75
"2303",3286,163
"2304",3287,163
"2305",3288,163
"2306",3289,77
"2307",3290,163
"2308",3291,51
"2309",3292,51
"2310",3293,163
"2311",3294,283
"2312",3295,102
"2313",3296,163
"2314",3297,163
"2315",3298,163
"2316",3299,283
"2317",3300,11
"2318",3301,75
"2319",3302,70
"2320",3303,163
"2321",3304,86
"2322",3305,42
"2323",3306,54
"2324",3307,163
"2325",3308,86
"2326",3309,86
"2327",3310,283
"2328",3311,163
"2329",3312,163
"2330",3313,76
"2331",3314,163
"2332",3315,84
"2333",3316,283
"2334",3317,283
"2335",3318,40
"2336",3319,83
"2337",3320,283
"2338",3321,163
"2339",3322,408
"2340",3323,163
"2341",3324,378
"2342",3325,21
"2343",3326,20
"2344",3327,20
"2345",3328,23
"2346",3329,73
"2347",3330,22
"2348",3331,2
"2349",3332,20
"2350",3333,253
"2351",3334,18
"2352",3335,21
"2353",3336,19
"2354",3337,19
"2355",3338,20
"2356",3339,21
"2357",3340,73
"2358",3341,73
"2359",3342,22
"2360",3343,17
"2361",3344,374
"2362",3345,129
"2363",3346,249
"2364",3347,374
"2365",3348,170
"2366",3349,415
"2367",3350,53
"2368",3351,170
"2369",3352,52
"2370",3353,170
"2371",3354,84
"2372",3355,38
"2373",3356,69
"2374",3357,290
"2375",3358,170
"2376",3359,76
"2377",3360,170
"2378",3361,38
"2379",3362,79
"2380",3363,79
"2381",3364,94
"2382",3365,414
"2383",3366,94
"2384",3367,92
"2385",3368,414
"2386",3369,289
"2387",3370,289
"2388",3371,70
"2389",3372,414
"2390",3373,289
"2391",3374,97
"2392",3375,169
"2393",3376,414
"2394",3377,289
"2395",3378,99
"2396",3379,99
"2397",3380,96
"2398",3381,414
"2399",3382,95
"2400",3383,99
"2401",3384,98
"2402",3385,414
"2403",3386,169
"2404",3387,92
"2405",3388,289
"2406",3389,289
"2407",3390,289
"2408",3391,289
"2409",3392,289
"2410",3393,97
"2411",3394,91
"2412",3395,96
"2413",3396,414
"2414",3397,97
"2415",3398,414
"2416",3399,289
"2417",3400,79
"2418",3401,87
"2419",3402,94
"2420",3403,97
"2421",3404,54
"2422",3405,269
"2423",3406,269
"2424",3407,394
"2425",3408,394
"2426",3409,49
"2427",3410,269
"2428",3411,394
"2429",3412,394
"2430",3413,394
"2431",3414,269
"2432",3415,394
"2433",3416,269
"2434",3417,269
"2435",3418,70
"2436",3419,119
"2437",3420,269
"2438",3421,269
"2439",3422,394
"2440",3423,54
"2441",3424,394
"2442",3425,394
"2443",3426,394
"2444",3427,394
"2445",3428,394
"2446",3429,269
"2447",3430,394
"2448",3431,269
"2449",3432,394
"2450",3444,2077
"2451",3445,1051
"2452",3446,1806
"2453",3447,509
"2454",3448,247
"2455",3449,1621
"2456",3450,658
"2457",3451,4342
"2458",3452,886
"2459",3453,3057
"2460",3454,2541
"2461",3455,883
"2462",3456,6487
"2463",3457,1241
"2464",3458,2031
"2465",3459,237
"2466",3460,1039
"2467",3461,653
"2468",3462,5448
"2469",3463,1059
"2470",3464,1416
"2471",3486,5391
"2472",3487,1734
"2473",3488,270
"2474",3489,685
"2475",3490,4371
"2476",3491,3426
"2477",3492,532
"2478",3495,620
"2479",3496,294
"2480",3497,5102
"2481",3498,619
"2482",3499,463
"2483",3500,1643
"2484",3501,1258
"2485",3502,257
"2486",3503,198
"2487",3504,413
"2488",3505,1633
"2489",3506,255
"2490",3507,3134
"2491",3508,499
"2492",3509,224
"2493",3510,250
"2494",3511,252
"2495",3512,143
"2496",3513,514
"2497",3514,451
"2498",3515,1811
"2499",3516,1971
"2500",3517,2613
"2501",3518,2978
"2502",3519,1860
"2503",3520,503
"2504",3521,126
"2505",3564,878
"2506",3565,119
"2507",3566,534
"2508",3567,3573
"2509",3568,119
"2510",3569,1856
"2511",3570,760
"2512",3571,118
"2513",3572,1119
"2514",3573,383
"2515",3574,3857
"2516",3575,389
"2517",3576,1671
"2518",3577,115
"2519",3578,1117
"2520",3579,115
"2521",3580,1117
"2522",3581,381
"2523",3590,1848
"2524",3591,115
"2525",3592,114
"2526",3593,11
"2527",3594,3851
"2528",3595,4770
"2529",3596,4945
"2530",3597,102
"2531",3598,108
"2532",3599,108
"2533",3600,902
"2534",3601,101
"2535",3602,102
"2536",3603,367
"2537",3604,2371
"2538",3605,102
"2539",3606,2967
"2540",3607,373
"2541",3608,3321
"2542",3611,4
"2543",3612,1651
"2544",3613,4
"2545",3614,347
"2546",3615,1465
"2547",3616,1766
"2548",3617,1260
"2549",3618,2120
"2550",3619,340
"2551",3641,1249
"2552",3642,664
"2553",3643,4174
"2554",3644,1807
"2555",3645,2923
"2556",3646,875
"2557",3647,73
"2558",3648,337
"2559",3649,72
"2560",3650,1073
"2561",3651,715
"2562",3652,71
"2563",3653,71
"2564",3688,869
"2565",3689,67
"2566",3690,67
"2567",3691,1127
"2568",3692,391
"2569",3694,3589
"2570",3695,1442
"2571",3696,3005
"2572",3697,69
"2573",3698,4671
"2574",3699,4164
"2575",3700,1802
"2576",3701,62
"2577",3702,325
"2578",3741,27
"2579",3742,28
"2580",3744,24
"2581",3745,24
"2582",3752,40
"2583",3753,12
"2584",3754,23
"2585",3755,19
"2586",3758,16
"2587",3759,16
"2588",3761,21
"2589",3762,26
"2590",3766,25
"2591",3767,20
"2592",3769,32
"2593",3785,21
"2594",3786,26
"2595",3793,19
"2596",3794,24
"2597",3809,16
"2598",3810,16
"2599",3829,22
"2600",3831,18
"2601",3840,33
"2602",3841,33
"2603",3844,53
"2604",3849,60
"2605",3863,35
"2606",3866,21
"2607",3871,68
"2608",3877,28
"2609",3907,33
"2610",3931,39
"2611",3944,50
"2612",3945,28
"2613",3946,30
"2614",3953,25
"2615",3964,37
"2616",3967,46
"2617",3975,76
"2618",3976,43
"2619",3986,61
"2620",3987,62
"2621",3994,58
"2622",4017,76
"2623",4031,62
"2624",4042,6
"2625",4055,21
"2626",4057,34
"2627",4064,5
"2628",4086,26
"2629",4194,10
"2630",4235,29
"2631",4255,28
"2632",4256,52
"2633",4257,27
"2634",4258,10
"2635",4259,31
"2636",4260,19
"2637",4261,21
"2638",4262,372
"2639",4266,16
"2640",4802,96
"2641",4803,2844
"2642",4804,406
"2643",4805,1319
"2644",4829,1426
"2645",4847,1041
"2646",4854,2492
"2647",4855,271
"2648",4860,5970
"2649",4861,4819
"2650",4862,666
"2651",4863,1606
"2652",4866,2654
"2653",4867,283
"2654",4868,1603
"2655",4870,693
"2656",4871,1595
"2657",4872,4161
"2658",4873,804
"2659",4874,525
"2660",4875,1145
"2661",4876,651
"2662",4877,567
"2663",4878,847
"2664",4879,569
"2665",4880,183
"2666",4881,1174
"2667",4882,565
"2668",4883,2612
"2669",4884,406
"2670",4885,5704
"2671",4886,486
"2672",4887,1497
"2673",4888,1874
"2674",4889,172
"2675",4890,3125
"2676",4891,21
"2677",4892,2604
"2678",4893,160
"2679",4894,754
"2680",4895,169
"2681",4896,3332
"2682",4897,1314
"2683",4898,552
"2684",4899,165
"2685",4900,10
"2686",4901,212
"2687",4902,1865
"2688",4903,388
"2689",4904,3119
"2690",4905,159
"2691",4906,12
"2692",4907,547
"2693",4908,388
"2694",4910,1113
"2695",4911,1
"2696",4912,737
"2697",4913,1
"2698",4914,4
"2699",4915,380
"2700",4916,4
"2701",4917,3836
"2702",4918,537
"2703",4919,2005
"2704",4933,3100
"2705",4934,2214
"2706",4935,1471
"2707",4936,1842
"2708",4937,523
"2709",4938,877
"2710",4939,1583
"2711",4940,698
"2712",4941,2915
"2713",4942,1103
"2714",4943,110
"2715",4944,873
"2716",4945,109
"2717",4946,497
"2718",4947,4363
"2719",4948,2699
"2720",4949,845
"2721",4950,694
"2722",4951,107
"2723",4952,694
"2724",4953,1251
"2725",4954,3583
"2726",4955,106
"2727",4956,1963
"2728",4957,3062
"2729",4958,4870
"2730",4959,1019
"2731",4960,1423
"2732",4961,1423
"2733",4962,102
"2734",4963,102
"2735",4964,1421
"2736",4965,4721
"2737",4966,97
"2738",4967,1211
"2739",4968,66
"2740",4969,829
"2741",4970,1210
"2742",4971,2501
"2743",4972,2899
"2744",4973,3229
"2745",4974,64
"2746",4999,2938
"2747",5000,3057
"2748",5008,711
"2749",5009,5624
"2750",5071,1211
"2751",5072,2876
"2752",5073,833
"2753",5074,505
"2754",5075,4490
"2755",5076,1237
"2756",5077,5271
"2757",5078,650
"2758",5079,1150
"2759",5080,1056
"2760",5099,1016
"2761",5116,1752
"2762",5117,569
"2763",5118,3206
"2764",5119,1510
"2765",5120,37
"2766",5121,1121
"2767",5122,32
"2768",5123,1925
"2769",5125,2388
"2770",5126,27
"2771",5127,385
"2772",5128,4047
"2773",5129,23
"2774",5130,22
"2775",5131,24
"2776",5132,3546
"2777",5133,789
"2778",5134,379
"2779",5135,21
"2780",5136,21
"2781",5137,380
"2782",5138,20
"2783",5139,176
"2784",5140,753
"2785",5141,551
"2786",5142,18
"2787",5144,1497
"2788",5145,1105
"2789",5146,173
"2790",5147,1107
"2791",5148,15
"2792",5149,171
"2793",5150,13
"2794",5151,16
"2795",5152,16
"2796",5153,13
"2797",5154,13
"2798",5155,1099
"2799",5156,9
"2800",5157,23
"2801",5159,708
"2802",5160,1814
"2803",5161,503
"2804",5162,3901
"2805",5163,2109
"2806",5164,1807
"2807",5165,696
"2808",5166,470
"2809",5167,1440
"2810",5168,1053
"2811",5169,1050
"2812",5170,1950
"2813",5171,316
"2814",5172,1023
"2815",5173,3561
"2816",5174,3199
"2817",5175,10
"2818",5194,1029
"2819",5195,2546
"2820",5196,293
"2821",5197,848
"2822",5198,291
"2823",5199,906
"2824",5204,844
"2825",5205,65
"2826",5209,107
"2827",5210,107
"2828",5212,3406
"2829",5213,844
"2830",5215,462
"2831",5216,2134
"2832",5217,2475
"2833",5220,1284
"2834",5224,1952
"2835",5225,103
"2836",5226,2429
"2837",5235,3198
"2838",5236,474
"2839",5237,1582
"2840",5240,1277
"2841",5241,46
"2842",5242,1538
"2843",5247,270
"2844",5248,450
"2845",5249,2643
"2846",5254,1724
"2847",5256,645
"2848",5260,324
"2849",5261,264
"2850",5262,880
"2851",5263,146
"2852",5265,640
"2853",5266,638
"2854",5267,2632
"2855",5268,993
"2856",5269,812
"2857",5271,27
"2858",5272,26
"2859",5273,12
"2860",5275,1823
"2861",5276,138
"2862",5277,2328
"2863",5278,99
"2864",5279,326
"2865",5280,292
"2866",5281,43
"2867",5282,2340
"2868",5283,2597
"2869",5284,2307
"2870",5285,2662
"2871",5286,27
"2872",5287,584
"2873",5288,410
"2874",5289,218
"2875",5290,1958
"2876",5291,3621
"2877",5292,4587
"2878",5293,100
"2879",5294,16
"2880",5299,152
"2881",5300,152
"2882",5301,152
"2883",5302,18
"2884",5303,59
"2885",5304,142
"2886",5309,19
"2887",5310,150
"2888",5311,11
"2889",5312,148
"2890",5313,856
"2891",5314,396
"2892",5315,954
"2893",5316,954
"2894",5317,500
"2895",5318,330
"2896",5320,1926
"2897",5321,3841
"2898",5322,334
"2899",5323,1460
"2900",5324,1460
"2901",5325,382
"2902",5326,556
"2903",5327,555
"2904",5328,53
"2905",5329,99
"2906",5330,171
"2907",5331,171
"2908",5332,187
"2909",5333,1965
"2910",5334,1653
"2911",5335,1051
"2912",5336,493
"2913",5337,3052
"2914",5338,1630
"2915",5339,1220
"2916",5340,48
"2917",5341,1747
"2918",5342,36
"2919",5343,400
"2920",5418,30
"2921",5443,99
"2922",5444,72
"2923",5445,99
"2924",5446,102
"2925",5447,1974
"2926",5448,306
"2927",5449,180
"2928",5450,2106
"2929",5451,127
"2930",5452,3926
"2931",5453,2246
"2932",5454,41
"2933",5455,446
"2934",5456,3497
"2935",5457,861
"2936",5458,384
"2937",5459,210
"2938",5460,30
"2939",5461,210
"2940",5462,2022
"2941",5463,23
"2942",5464,22
"2943",5465,3312
"2944",5466,23
"2945",5467,171
"2946",5468,38
"2947",5469,91
"2948",5470,32
"2949",5471,99
"2950",5472,101
"2951",5473,10
"2952",5497,705
"2953",5498,1964
"2954",5499,650
"2955",5507,300
"2956",5508,1570
"2957",5509,1296
"2958",5510,692
"2959",5511,2723
"2960",5512,186
"2961",5513,4688
"2962",5514,3235
"2963",5515,688
"2964",5516,689
"2965",5517,2503
"2966",5518,2154
"2967",5519,308
"2968",5520,307
"2969",5521,4693
"2970",5522,2305
"2971",5523,4336
"2972",5524,2664
"2973",5525,1783
"2974",5526,810
"2975",5527,176
"2976",5528,1931
"2977",5529,1410
"2978",5530,3387
"2979",5531,795
"2980",5532,672
"2981",5533,556
"2982",5534,2015
"2983",5535,287
"2984",5536,1651
"2985",5537,3391
"2986",5538,275
"2987",5539,651
"2988",5540,414
"2989",5541,274
"2990",5542,1160
"2991",5544,39
"2992",5545,4425
"2993",5546,40
"2994",5547,3129
"2995",5548,39
"2996",5549,3369
"2997",5550,417
"2998",5551,414
"2999",5552,34
"3000",5553,421
"3001",5554,412
"3002",5555,23
"3003",5556,24
"3004",5557,779
"3005",5558,27
"3006",5559,3350
"3007",5560,17
"3008",5561,431
"3009",5562,880
"3010",5563,18
"3011",5564,1288
"3012",5565,20
"3013",5566,25
"3014",5567,19
"3015",5568,60
"3016",5569,68
"3017",5570,37
"3018",5571,12
"3019",5572,9
"3020",5573,631
"3021",5574,402
"3022",5575,2029
"3023",5576,66
"3024",5577,68
"3025",5578,48
"3026",5579,72
"3027",5580,45
"3028",5581,336
"3029",5582,1580
"3030",5583,3241
"3031",5584,1586
"3032",5585,915
"3033",5586,1433
"3034",5587,693
"3035",5588,2150
"3036",5589,2516
"3037",5591,332
"3038",5592,700
"3039",5593,692
"3040",5594,572
"3041",5595,2930
"3042",5596,3417
"3043",5597,4330
"3044",5598,2075
"3045",5599,211
"3046",5600,2563
"3047",5601,545
"3048",5602,3050
"3049",5603,184
"3050",5604,1432
"3051",5605,1057
"3052",5606,1948
"3053",5607,1431
"3054",5608,1217
"3055",5609,458
"3056",5610,327
"3057",5612,3978
"3058",5613,2077
"3059",5614,845
"3060",5615,577
"3061",5616,1062
"3062",5617,183
"3063",5618,907
"3064",5619,214
"3065",5620,1584
"3066",5621,3985
"3067",5622,175
"3068",5623,192
"3069",5624,3815
"3070",5625,1574
"3071",5626,4134
"3072",5627,194
"3073",5628,74
"3074",5629,61
"3075",5630,3835
"3076",5631,820
"3077",5632,62
"3078",5633,3009
"3079",5634,2472
"3080",5635,3378
"3081",5636,658
"3082",5637,422
"3083",5638,1759
"3084",5639,2853
"3085",5640,4128
"3086",5641,2364
"3087",5642,1761
"3088",5643,2282
"3089",5644,4153
"3090",5645,57
"3091",5646,54
"3092",5647,42
"3093",5648,820
"3094",5649,42
"3095",5650,927
"3096",5651,54
"3097",5652,1893
"3098",5653,778
"3099",5654,51
"3100",5655,776
"3101",5656,37
"3102",5657,3691
"3103",5658,1539
"3104",5678,1143
"3105",5679,3172
"3106",5680,136
"3107",5681,76
"3108",5682,804
"3109",5683,4199
"3110",5684,73
"3111",5685,585
"3112",5686,799
"3113",5687,169
"3114",5688,51
"3115",5689,78
"3116",5690,61
"3117",5691,75
"3118",5692,56
"3119",5747,144
"3120",5748,1311
"3121",5749,2417
"3122",5750,1520
"3123",5751,107
"3124",5752,107
"3125",5753,137
"3126",5754,258
"3127",5755,138
"3128",5756,131
"3129",5757,131
"3130",5758,131
"3131",5759,131
"3132",5760,375
"3133",5761,130
"3134",5762,250
"3135",5763,250
"3136",5764,1224
"3137",5765,487
"3138",5766,1252
"3139",5767,91
"3140",5768,336
"3141",5769,1251
"3142",5770,1190
"3143",5771,304
"3144",5772,483
"3145",5773,694
"3146",5774,1212
"3147",5775,1212
"3148",5776,3199
"3149",5777,445
"3150",5778,445
"3151",5780,1180
"3152",5781,471
"3153",5782,618
"3154",5783,712
"3155",5784,317
"3156",5785,71
"3157",5786,311
"3158",5787,280
"3159",5820,2029
"3160",5821,2760
"3161",5822,2502
"3162",5824,377
"3163",5825,1484
"3164",5826,2897
"3165",5827,168
"3166",5828,715
"3167",5829,3457
"3168",5830,353
"3169",5831,237
"3170",5832,236
"3171",5833,2822
"3172",5834,1320
"3173",5835,1437
"3174",5836,1348
"3175",5837,2318
"3176",5838,2929
"3177",5839,1753
"3178",5840,40
"3179",5841,1517
"3180",5842,1146
"3181",5843,2250
"3182",5844,258
"3183",5845,3104
"3184",5846,2316
"3185",5847,1263
"3186",5848,67
"3187",5849,247
"3188",5851,2056
"3189",5852,64
"3190",5854,1652
"3191",5855,3324
"3192",5899,138
"3193",5902,267
"3194",5903,1000
"3195",5904,2344
"3196",5905,633
"3197",5906,480
"3198",5907,659
"3199",5908,1177
"3200",5909,2282
"3201",5910,79
"3202",6010,487
"3203",6011,3248
"3204",6012,1341
"3205",6013,321
"3206",6014,837
"3207",6015,314
"3208",6016,1041
"3209",6017,958
"3210",6018,3232
"3211",6019,2493
"3212",6020,309
"3213",6021,308
"3214",6022,2617
"3215",6023,307
"3216",6024,1034
"3217",6025,674
"3218",6026,1930
"3219",6027,1189
"3220",6028,3219
"3221",6029,3568
"3222",6030,1182
"3223",6031,290
"3224",6032,2107
"3225",6033,808
"3226",6034,2277
"3227",6035,108
"3228",6036,3199
"3229",6037,252
"3230",6038,91
"3231",6039,614
"3232",6041,92
"3233",6042,85
"3234",6043,82
"3235",6045,2495
"3236",6046,445
"3237",6047,596
"3238",6048,2610
"3239",6049,592
"3240",6050,1017
"3241",6051,584
"3242",6052,62
"3243",6053,53
"3244",6054,58
"3245",6055,105
"3246",6057,60
"3247",6061,2061
"3248",6062,638
"3249",6063,451
"3250",6064,2286
"3251",6065,352
"3252",6066,749
"3253",6067,990
"3254",6068,3309
"3255",6069,461
"3256",6070,30
"3257",6073,679
"3258",6074,69
"3259",6121,21
"3260",6136,586
"3261",6137,376
"3262",6138,1792
"3263",6139,2038
"3264",6140,375
"3265",6141,377
"3266",6142,377
"3267",6143,2215
"3268",6145,2215
"3269",6146,1839
"3270",6147,373
"3271",6148,373
"3272",6149,372
"3273",6150,372
"3274",6151,371
"3275",6152,2209
"3276",6153,371
"3277",6154,371
"3278",6156,934
"3279",6157,696
"3280",6159,3118
"3281",6160,1832
"3282",6161,2767
"3283",6164,2026
"3284",6165,363
"3285",6166,1828
"3286",6167,2658
"3287",6168,2202
"3288",6169,2022
"3289",6170,2929
"3290",6171,1655
"3291",6172,2196
"3292",6173,205
"3293",6174,2195
"3294",6175,727
"3295",6176,355
"3296",6177,349
"3297",6178,349
"3298",6179,470
"3299",6180,198
"3300",6181,1892
"3301",6182,558
"3302",6183,715
"3303",6184,1810
"3304",6187,2745
"3305",6188,2000
"3306",6189,1017
"3307",6190,333
"3308",6192,224
"3309",6194,536
"3310",6196,1366
"3311",6197,104
"3312",6198,424
"3313",6199,2609
"3314",6201,163
"3315",6202,575
"3316",6203,617
"3317",6204,95
"3318",6205,202
"3319",6206,403
"3320",6207,1302
"3321",6208,85
"3322",6209,298
"3323",6210,2868
"3324",6212,382
"3325",6213,1586
"3326",6214,1219
"3327",6215,2125
"3328",6216,957
"3329",6217,2865
"3330",6218,491
"3331",6219,1947
"3332",6220,283
"3333",6221,2803
"3334",6222,3152
"3335",6223,283
"3336",6224,282
"3337",6225,43
"3338",6226,1086
"3339",6227,485
"3340",6228,961
"3341",6229,2081
"3342",6230,1698
"3343",6231,2608
"3344",6232,327
"3345",6234,295
"3346",6236,83
"3347",6237,68
"3348",6239,245
"3349",6240,233
"3350",6242,79
"3351",6243,102
"3352",6244,80
"3353",6245,232
"3354",6246,327
"3355",6247,108
"3356",6248,90
"3357",6250,535
"3358",6251,175
"3359",6252,102
"3360",6253,327
"3361",6254,295
"3362",6255,175
"3363",6257,83
"3364",6258,175
"3365",6259,52
"3366",6261,2790
"3367",6265,327
"3368",6267,1172
"3369",6268,261
"3370",6269,107
"3371",6270,175
"3372",6271,107
"3373",6272,2528
"3374",6273,261
"3375",6274,1694
"3376",6276,261
"3377",6277,74
"3378",6278,109
"3379",6279,1533
"3380",6280,84
"3381",6281,207
"3382",6282,204
"3383",6283,236
"3384",6284,261
"3385",6286,79
"3386",6287,295
"3387",6288,11
"3388",6289,47
"3389",6290,144
"3390",6291,47
"3391",6292,46
"3392",6293,254
"3393",6295,48
"3394",6296,144
"3395",6297,497
"3396",6298,45
"3397",6299,44
"3398",6300,495
"3399",6301,43
"3400",6302,43
"3401",6303,42
"3402",6304,42
"3403",6305,144
"3404",6306,96
"3405",6307,1540
"3406",6309,1165
"3407",6310,363
"3408",6311,518
"3409",6312,269
"3410",6313,1441
"3411",6314,825
"3412",6315,246
"3413",6316,16
"3414",6317,14
"3415",6318,144
"3416",6319,77
"3417",6320,144
"3418",6369,80
"3419",6370,2632
"3420",6371,122
"3421",6372,895
"3422",6373,635
"3423",6374,821
"3424",6376,573
"3425",6377,2038
"3426",6379,415
"3427",6380,35
"3428",6382,623
"3429",6383,418
"3430",6384,1711
"3431",6385,1885
"3432",6386,414
"3433",6387,256
"3434",6388,421
"3435",6483,84
"3436",6484,80
"3437",6485,63
"3438",6486,88
"3439",6487,95
"3440",6488,90
"3441",6489,90
"3442",6490,82
"3443",6491,77
"3444",6492,90
"3445",6493,90
"3446",6494,82
"3447",6495,82
"3448",6496,69
"3449",6497,69
"3450",6498,77
"3451",6499,17
"3452",6500,52
"3453",6501,85
"3454",6502,76
"3455",6503,65
"3456",6504,31
"3457",6505,79
"3458",6506,68
"3459",6507,77
"3460",6508,88
"3461",6509,85
"3462",6510,85
"3463",6511,67
"3464",6512,73
"3465",6513,81
"3466",6514,87
"3467",6515,67
"3468",6516,82
"3469",6518,80
"3470",6519,84
"3471",6520,78
"3472",6521,87
"3473",6522,96
"3474",6523,50
"3475",6524,74
"3476",6525,84
"3477",6526,88
"3478",6527,88
"3479",6528,80
"3480",6529,94
"3481",6530,78
"3482",6531,53
"3483",6532,69
"3484",6533,41
"3485",6534,83
"3486",6535,83
"3487",6536,54
"3488",6537,78
"3489",6538,45
"3490",6546,1464
"3491",6547,1464
"3492",6548,2094
"3493",6549,307
"3494",6550,2183
"3495",6551,2200
"3496",6552,305
"3497",6553,166
"3498",6555,359
"3499",6556,1229
"3500",6557,1259
"3501",6558,2346
"3502",6559,1374
"3503",6560,162
"3504",6561,1372
"3505",6562,517
"3506",6563,2106
"3507",6564,156
"3508",6565,1852
"3509",6566,384
"3510",6567,1760
"3511",6569,1249
"3512",6570,2075
"3513",6571,1245
"3514",6573,144
"3515",6575,336
"3516",6645,2392
"3517",6646,352
"3518",6647,983
"3519",6648,442
"3520",6649,1251
"3521",6650,1100
"3522",6651,1148
"3523",6652,2249
"3524",6654,2071
"3525",6656,2290
"3526",6657,1560
"3527",6658,695
"3528",6660,1276
"3529",6661,40
"3530",6662,586
"3531",6663,412
"3532",6664,18
"3533",6665,2249
"3534",6666,206
"3535",6667,1187
"3536",6668,1168
"3537",6669,1278
"3538",6671,2325
"3539",6672,280
"3540",6674,16
"3541",6675,433
"3542",6677,1339
"3543",6678,63
"3544",6688,356
"3545",6689,1492
"3546",6690,1853
"3547",6691,151
"3548",6692,1265
"3549",6693,1265
"3550",6694,723
"3551",6695,292
"3552",6696,531
"3553",6697,893
"3554",6700,1828
"3555",6702,358
"3556",6703,2171
"3557",6705,148
"3558",6706,1818
"3559",6708,875
"3560",6727,596
"3561",6728,1800
"3562",6730,302
"3563",6731,956
"3564",6732,756
"3565",6733,1946
"3566",6734,632
"3567",6737,1871
"3568",6739,1873
"3569",6740,1050
"3570",6741,230
"3571",6742,586
"3572",6743,1913
"3573",6744,684
"3574",6747,540
"3575",6748,265
"3576",6749,96
"3577",6750,432
"3578",6751,465
"3579",6753,1905
"3580",6754,1905
"3581",6755,452
"3582",6756,622
"3583",6757,1558
"3584",6758,1438
"3585",6760,928
"3586",6761,920
"3587",6762,2204
"3588",6763,74
"3589",6764,1542
"3590",6767,761
"3591",6768,28
"3592",6770,67
"3593",6771,601
"3594",6773,1019
"3595",6774,975
"3596",6775,601
"3597",6776,974
"3598",6777,972
"3599",6778,432
"3600",6779,68
"3601",6781,602
"3602",6782,559
"3603",6783,147
"3604",6784,24
"3605",6786,795
"3606",6787,553
"3607",6788,1753
"3608",6831,1465
"3609",6832,1359
"3610",6833,1381
"3611",6834,527
"3612",6836,724
"3613",6837,1723
"3614",6839,160
"3615",6840,1543
"3616",6841,520
"3617",6842,892
"3618",6844,1802
"3619",6846,744
"3620",6849,1447
"3621",6851,1360
"3622",6853,285
"3623",6855,254
"3624",6859,1501
"3625",6863,676
"3626",6866,218
"3627",6867,584
"3628",6868,1671
"3629",6869,218
"3630",6871,386
"3631",6872,341
"3632",6873,1439
"3633",6874,364
"3634",6876,364
"3635",6877,1205
"3636",6878,303
"3637",6880,64
"3638",6883,430
"3639",6884,847
"3640",6885,211
"3641",6886,588
"3642",6887,1763
"3643",6888,670
"3644",6889,1440
"3645",6890,1190
"3646",6891,254
"3647",6893,459
"3648",6894,1285
"3649",6895,1422
"3650",6896,1361
"3651",6897,666
"3652",6899,70
"3653",6901,436
"3654",6902,1286
"3655",6903,619
"3656",6904,1294
"3657",6907,64
"3658",6908,283
"3659",6911,241
"3660",6913,72
"3661",6915,28
"3662",6916,598
"3663",6920,1519
"3664",6922,219
"3665",6926,1162
"3666",6927,238
"3667",7068,1110
"3668",7069,1116
"3669",7070,1379
"3670",7074,177
"3671",7077,165
"3672",7078,537
"3673",7080,159
"3674",7081,1591
"3675",7082,1411
"3676",7083,1242
"3677",7084,680
"3678",7085,302
"3679",7086,676
"3680",7087,919
"3681",7088,676
"3682",7089,153
"3683",7090,1395
"3684",7095,17
"3685",7097,145
"3686",7098,21
"3687",7100,449
"3688",7102,1257
"3689",7103,352
"3690",7108,237
"3691",7109,1366
"3692",7112,176
"3693",7114,1040
"3694",7121,300
"3695",7122,867
"3696",7124,297
"3697",7125,154
"3698",7126,861
"3699",7127,1207
"3700",7128,291
"3701",7129,291
"3702",7130,854
"3703",7131,849
"3704",7133,850
"3705",7137,847
"3706",7138,869
"3707",7140,20
"3708",7141,284
"3709",7143,846
"3710",7147,600
"3711",7149,422
"3712",7150,632
"3713",7155,417
"3714",7157,750
"3715",7158,570
"3716",7160,165
"3717",7162,379
"3718",7166,714
"3719",7167,532
"3720",7168,361
"3721",7170,428
"3722",7172,519
"3723",7174,422
"3724",7179,692
"3725",7180,512
"3726",7181,436
"3727",7186,61
"3728",7187,415
"3729",7188,261
"3730",7191,90
"3731",7192,47
"3732",7193,439
"3733",7194,219
"3734",7195,50
"3735",7196,220
"3736",7197,321
"3737",7199,53
"3738",7201,461
"3739",7202,42
"3740",7203,81
"3741",7204,648
"3742",7208,71
"3743",7211,69
"3744",7212,420
"3745",7213,729
"3746",7218,506
"3747",7223,324
"3748",7228,499
"3749",7236,306
"3750",7241,220
"3751",7242,291
"3752",7245,63
"3753",7254,116
"3754",7255,67
"3755",7259,98
"3756",7264,183
"3757",7266,88
"3758",7268,169
"3759",7273,302
"3760",7274,26
"3761",7275,17
"3762",7276,70
